{
  "name": "naver",
  "version": "3.1.2",
  "title": "Naver",
  "author": {
    "name": "Ben Plum",
    "email": "mr@benplum.com",
    "url": "http://www.benplum.com"
  },
  "licenses": [
    {
      "type": "MIT",
      "url": "http://opensource.org/licenses/MIT"
    }
  ],
  "dependencies": {
    "jquery": ">=1.7"
  },
  "description": "A jQuery plugin for responsive navigation. Part of the Formstone Library.",
  "keywords": [
    "responsive",
    "mobile",
    "navigation",
    "menu",
    "ui",
    "javascript",
    "jquery",
    "formstone"
  ],
  "docs": "http://formstone.it/naver/",
  "demo": "http://formstone.it/naver/",
  "download": "https://github.com/Formstone/Naver",
  "bugs": "https://github.com/Formstone/Naver/issues",
  "homepage": "http://formstone.it/naver/"
}